{"accuracy": [0.9165740609169006, 0.9732592701911926, 0.980055570602417, 0.9838888645172119, 0.986037015914917, 0.9877407550811768, 0.9898703694343567, 0.9896666407585144, 0.991518497467041, 0.9919999837875366, 0.9925185441970825, 0.9927036762237549, 0.9932222366333008, 0.9940370321273804], "val_accuracy": [0.9760000109672546, 0.9853333234786987, 0.9881666898727417, 0.9894999861717224, 0.9886666536331177, 0.9913333058357239, 0.9925000071525574, 0.9925000071525574, 0.9928333163261414, 0.9921666383743286, 0.9906666874885559, 0.9916666746139526, 0.9921666383743286, 0.9918333292007446], "loss": [0.2722958028316498, 0.0856996700167656, 0.0631086677312851, 0.05243999883532524, 0.0446338914334774, 0.03828440234065056, 0.03285001963376999, 0.030735347419977188, 0.02607358992099762, 0.025270182639360428, 0.022085802629590034, 0.022471370175480843, 0.020164258778095245, 0.018468208611011505], "val_loss": [0.0780089795589447, 0.051816560328006744, 0.04049083963036537, 0.03665447607636452, 0.03599602356553078, 0.03198399022221565, 0.029257802292704582, 0.0287284217774868, 0.027447430416941643, 0.030511988326907158, 0.033093810081481934, 0.02861992083489895, 0.030330747365951538, 0.028444528579711914]}