{"accuracy": [0.9233166575431824, 0.9747166633605957, 0.9817666411399841, 0.9845499992370605, 0.9868833422660828, 0.9883166551589966, 0.9891833066940308, 0.9909166693687439, 0.9913333058357239, 0.9925166964530945, 0.9921000003814697, 0.9928666949272156, 0.9933833479881287, 0.9937000274658203, 0.9941666722297668, 0.9944833517074585, 0.9950000047683716, 0.9951000213623047, 0.9949333071708679, 0.9957500100135803], "val_accuracy": [0.9803000092506409, 0.9865999817848206, 0.9897000193595886, 0.9898999929428101, 0.9909999966621399, 0.9912999868392944, 0.9927999973297119, 0.991599977016449, 0.9926999807357788, 0.9934999942779541, 0.9932000041007996, 0.9932000041007996, 0.992900013923645, 0.9925000071525574, 0.9937000274658203, 0.9929999709129333, 0.9939000010490417, 0.9930999875068665, 0.9930999875068665, 0.9927999973297119], "loss": [0.25327154994010925, 0.07919017970561981, 0.05834955349564552, 0.048113591969013214, 0.04179332032799721, 0.03520956635475159, 0.033283039927482605, 0.02894732728600502, 0.02661026082932949, 0.022744841873645782, 0.023498646914958954, 0.02094966359436512, 0.01949070207774639, 0.018889527767896652, 0.01686333492398262, 0.016596337780356407, 0.015048966743052006, 0.013943607918918133, 0.013883118517696857, 0.012514255940914154], "val_loss": [0.060299571603536606, 0.04077637195587158, 0.02943151816725731, 0.028801647946238518, 0.02725839801132679, 0.0238097682595253, 0.022599855437874794, 0.024829037487506866, 0.022234708070755005, 0.022422540932893753, 0.021319659426808357, 0.020768366754055023, 0.02248467318713665, 0.02308804541826248, 0.021071018651127815, 0.02142154797911644, 0.019212117418646812, 0.02367870695888996, 0.02541448175907135, 0.022019365802407265]}